34323153491	2026-09-09T07:18:06Z	success
34336629257	2026-09-09T09:46:53Z	success
34338181663	2026-09-09T10:03:51Z	success
34350643123	2026-09-09T12:22:33Z	success
34378975560	2026-09-09T16:47:57Z	success
34395546232	2026-09-09T19:31:16Z	success
34409465094	2026-09-09T21:54:43Z	success
34418528695	2026-09-09T23:48:24Z	success
34425824326	2026-09-10T01:31:32Z	success
34445942428	2026-09-10T06:36:12Z	success
34473144440	2026-09-10T11:47:20Z	success
34494145680	2026-09-10T15:13:08Z	success
34514786381	2026-09-10T18:30:43Z	success
34530436988	2026-09-10T21:07:59Z	success
34540738464	2026-09-10T23:07:49Z	success
34549038324	2026-09-11T01:02:42Z	success
34567607005	2026-09-11T05:51:59Z	success
34587872945	2026-09-11T10:10:08Z	success
34610042083	2026-09-11T14:25:34Z	success
34629827739	2026-09-11T17:49:14Z	success
34642326672	2026-09-11T20:05:19Z	success
34654346327	2026-09-11T22:31:03Z	success
34662049530	2026-09-12T00:33:47Z	success
34674354873	2026-09-12T04:57:47Z	success
34685037472	2026-09-12T09:07:53Z	success
34694739485	2026-09-12T12:49:45Z	success
34703569873	2026-09-12T15:53:06Z	success
34709845064	2026-09-12T17:59:42Z	success
34717188126	2026-09-12T20:28:22Z	success
34722893879	2026-09-12T22:29:31Z	success
34727351089	2026-09-13T00:11:51Z	success
34738809170	2026-09-13T04:49:48Z	success
34750268543	2026-09-13T09:47:24Z	success
34761225081	2026-09-13T13:56:22Z	success
34771209652	2026-09-13T17:18:48Z	success
34778017659	2026-09-13T19:32:49Z	success
34784408208	2026-09-13T21:37:59Z	success
34789862033	2026-09-13T23:29:54Z	success
34796192532	2026-09-14T01:31:29Z	success
34815658458	2026-09-14T06:57:41Z	success
34851391896	2026-09-14T13:47:04Z	success
34883649646	2026-09-14T18:54:23Z	success
34903086988	2026-09-14T22:14:21Z	success
34914182117	2026-09-15T00:40:57Z	success
34932572053	2026-09-15T05:23:56Z	success
34956983520	2026-09-15T10:15:32Z	success
34985920136	2026-09-15T15:04:10Z	success
35010487978	2026-09-15T18:55:29Z	success
35028248381	2026-09-15T21:55:08Z	success
35037929637	2026-09-15T23:57:38Z	success
35054607992	2026-09-16T04:11:01Z	success
35078638657	2026-09-16T09:18:11Z	success
35107195314	2026-09-16T14:14:44Z	success
35133032432	2026-09-16T18:13:17Z	success
35151872845	2026-09-16T21:20:55Z	success
35163358517	2026-09-16T23:40:53Z	success
35171612962	2026-09-17T01:42:48Z	success
35190934905	2026-09-17T06:41:16Z	success
35219345365	2026-09-17T12:07:22Z	success
35249650596	2026-09-17T16:56:23Z	success
35268513469	2026-09-17T20:03:25Z	success
35283936437	2026-09-17T22:49:32Z	success
35292834932	2026-09-18T00:50:09Z	success
35310315707	2026-09-18T05:18:54Z	success
